id,year,edu,hr,wage,famearn,selfempl,salaried,married,numkid,age,locunemp
1,1984,14,1924,8.8,35809.6,1,0,1,2,38,5.4
1,1985,14,2717,8.2,39843,0,0,1,2,39,4.6
1,1986,14,2844,3.2,21504.5,1,0,1,1,40,4.5
2,1984,13,1480,17.4,27197.3,0,1,1,0,31,7.8
2,1985,13,2005,15.7,33289.8,0,0,1,0,32,7.2
2,1986,13,2120,17.7,43754.6,0,0,1,0,33,6.7
3,1984,11,0,15.6,2763.8,0,0,1,0,56,7.8
3,1985,11,1535,13.6,20951.6,0,0,1,0,57,9.7
3,1986,11,1440,15.4,22161.4,0,0,1,0,58,10.8
4,1984,12,3064,11.4,57679.9,0,1,1,2,49,9.1
4,1985,12,4296,9,64513.5,0,1,1,2,50,9
4,1986,12,3857,7,49550.7,0,1,1,2,51,8.1
5,1984,12,1672,12.2,30882.8,0,1,1,1,43,9.1
5,1985,12,1988,9.4,28517.5,0,1,1,1,44,9
5,1986,12,2016,9.6,29434.9,0,1,1,1,45,8.1
6,1984,12,2420,13.4,34247.5,0,0,1,0,53,8.6
6,1985,12,2580,12.6,33289.8,0,0,1,0,54,7.9
6,1986,12,2600,15.5,40345.1,0,0,1,0,55,6.7
7,1984,14,2410,24.4,58881.6,0,1,1,3,37,6
7,1985,14,2160,35.6,76822.6,0,1,1,3,38,6.5
7,1986,14,2220,26.6,59131.2,0,1,1,3,39,5.9
8,1984,12,2703,1.9,22260.8,1,0,1,1,33,7.1
8,1985,12,2500,6.4,35149.8,1,0,1,1,34,6.8
8,1986,12,2783,2.2,25447,1,0,1,1,35,6.2
9,1984,14,2328,19.7,45807.5,0,1,1,0,57,9.3
9,1985,14,2040,20.3,41321.2,0,1,1,0,58,9.5
9,1986,14,2290,15.9,36304.9,0,0,1,0,59,9.3
10,1984,14,2058,20.4,42058.3,0,1,1,3,42,7.2
10,1985,14,1928,21.1,40739.3,0,1,1,3,43,6.5
10,1986,14,1999,20.5,40921.3,0,1,1,2,44,6.3
11,1984,17,2490,16.2,47465.8,0,1,1,0,26,9.3
11,1985,17,2227,19.1,42485.2,0,1,1,1,27,9.5
11,1986,17,2359,19.5,46027.6,0,1,1,1,28,9.3
12,1984,12,2214,16.4,36290.3,0,1,1,2,32,6.3
12,1985,12,2178,18.7,47723.1,0,1,1,2,33,6
12,1986,12,2254,20.2,52278.2,0,1,1,2,34,5.3
13,1984,4,1932,9.9,30227.9,0,0,1,1,54,8.6
13,1985,4,1952,9.5,31631.1,0,0,1,1,55,8
13,1986,4,1920,8,29011,0,0,1,1,56,8
14,1984,14,1864,17.6,38152.9,0,0,1,2,48,7.8
14,1985,14,1738,21.4,39714.9,0,0,1,2,49,7.2
14,1986,14,2115,16.7,40345.1,0,0,1,2,50,6.7
15,1984,9,1945,13.6,63688.3,0,0,1,0,49,6.3
15,1985,9,1840,14.9,64123.6,0,0,1,0,50,6
15,1986,9,1970,13.3,65347.8,0,0,1,0,51,5.7
16,1984,11,3760,9.6,47585.9,0,0,0,0,58,6.2
16,1985,11,2133,17.5,46559.1,0,0,1,0,59,5.7
16,1986,11,2263,16.6,48868.8,0,0,1,0,60,5
17,1984,16,2196,18.1,39654.9,0,0,1,3,35,11.1
17,1985,16,1750,28.5,49934.7,0,0,1,3,36,8.9
17,1986,16,1715,30.9,52960.1,0,0,1,4,37,9.8
18,1984,17,1388,18.2,57827.7,0,1,1,0,38,6.5
18,1985,17,1440,18.6,62010.9,0,1,1,0,39,5.9
18,1986,17,1524,22.6,87566,0,1,1,0,40,6
19,1984,16,1800,12.7,28379.7,0,1,1,1,41,6.1
19,1985,16,2080,7.7,23628.8,0,1,1,1,42,5.4
19,1986,16,2048,11.6,30853.2,0,1,1,1,43,5.3
20,1984,15,2186,27.5,88923.2,0,1,1,0,45,5
20,1985,15,2272,34.1,107668,0,1,1,0,46,5.6
20,1986,15,1828,41,119402.3,0,1,1,0,47,5
21,1984,14,876,15.6,36530.6,1,0,1,1,47,7.2
21,1985,14,2295,7.6,38411.3,0,0,1,1,48,7.9
21,1986,14,960,24.9,45459.3,1,0,1,1,49,8.7
22,1984,16,2286,21.6,65662.6,1,0,1,2,39,5.9
22,1985,16,2370,7.9,21166.9,1,0,1,2,40,7
22,1986,16,2268,11.9,28355.3,1,0,1,2,41,8.9
23,1984,17,2090,35,85077.9,0,1,1,0,53,7.8
23,1985,17,2024,42,96610.2,0,1,1,0,54,7.2
23,1986,17,2156,34.3,98874,0,1,1,0,55,5
24,1984,17,1944,18.5,98536.5,0,1,1,0,29,7.2
24,1985,17,2220,17.9,100335,0,1,1,0,30,6.5
24,1986,17,2000,19.9,98874,0,1,1,0,31,6.3
25,1984,16,5140,23.4,146603.2,0,1,1,2,47,4.6
25,1985,16,2563,29.5,102430.1,0,1,1,1,48,4.9
25,1986,16,2541,41.2,134105,0,1,1,1,49,3.8
26,1984,12,1548,1.5,2403.3,0,0,0,2,53,4.8
26,1985,12,1650,3.6,5920,0,0,0,0,54,3.9
26,1986,12,728,9.8,7131.4,0,0,0,0,55,3.8
27,1984,12,2080,10.2,21269.5,1,1,1,3,31,8.6
27,1985,12,1920,10.7,20602.4,1,1,1,3,32,7.9
27,1986,12,1575,12.8,20115.8,1,1,1,3,33,6.7
28,1984,13,1957,14.7,38477.3,0,1,1,0,51,8.6
28,1985,13,2490,13.9,43882,0,1,1,0,52,7.9
28,1986,13,1974,16.7,39731.4,0,1,1,0,53,6.7
29,1984,12,2000,10.5,21066.4,0,0,1,0,55,9.4
29,1985,12,1776,12.8,22697.6,0,0,1,0,56,8.9
29,1986,12,1800,12.6,22729.7,0,0,1,0,57,8.1
30,1984,14,1920,20.3,45254.7,0,1,1,2,54,11.2
30,1985,14,2695,14.7,45751.3,0,1,1,2,55,9.9
30,1986,14,2500,22.7,64779.5,0,1,1,1,56,8.8
31,1984,17,2160,27.8,65454.7,0,1,1,1,31,4.8
31,1985,17,1945,32.3,66534.2,0,1,1,2,32,3.9
31,1986,17,2294,28.2,64779.5,0,1,1,2,33,3.8
32,1984,13,1956,22,44897.8,0,1,1,2,40,9.1
32,1985,13,1980,21.4,43649.2,0,1,1,2,41,9
32,1986,13,1964,33.3,66230.8,0,1,1,2,42,8.1
33,1984,15,2450,27,66692.4,0,1,1,2,54,5.2
33,1985,15,2205,19.5,43067.2,0,0,1,1,55,7.1
33,1986,15,2585,14.5,42049.9,0,1,1,1,56,8.2
34,1984,12,2600,6.9,24033.3,0,0,1,1,27,6.3
34,1985,12,2680,5.4,23595,0,0,1,1,28,6
34,1986,12,2495,2.6,12968.4,1,0,1,1,29,5.7
35,1984,17,1984,29.1,57915.4,0,0,1,0,53,7.8
35,1985,17,1952,32.2,63083,0,1,1,0,54,7.2
35,1986,17,1944,35.1,68365.1,0,1,1,0,55,6.7
36,1984,12,2035,7.6,15549.5,0,1,0,0,33,6.7
36,1985,12,2024,8.4,16994.1,0,1,0,0,34,5.4
36,1986,12,1872,9.5,17786,0,1,0,0,35,5.3
37,1984,17,1786,33.7,84116.6,1,0,1,0,58,9.1
37,1985,17,2133,8.8,36161.3,1,0,1,0,59,9
37,1986,17,2208,20.6,57807.2,1,0,1,0,60,8.1
38,1984,10,2400,10,28840,0,0,1,2,40,6.2
38,1985,10,2080,12.3,37247.3,0,1,1,1,41,5.7
38,1986,10,2600,8.7,35231,0,1,1,0,42,5
39,1984,16,2058,21,43259.9,0,1,0,0,37,5.9
39,1985,16,2205,21.1,46559.1,0,1,0,0,38,7
39,1986,16,2169,21.5,46595.8,0,1,0,0,39,8.9
40,1984,15,3120,5.7,17811.1,1,0,1,2,38,8.9
40,1985,15,2400,13.2,31660.2,1,0,1,2,39,8.7
40,1986,15,2580,6.3,16240.3,1,1,1,2,40,8.7
41,1984,13,1917,11.3,42058.3,0,1,1,0,58,5.6
41,1985,13,1960,11.7,38772.1,0,1,1,0,59,5.9
41,1986,13,2100,10.8,23752.5,0,1,1,0,60,7.4
42,1984,12,3072,1,15020.8,1,0,1,2,38,9.1
42,1985,12,2570,1.4,19554.8,1,0,1,2,39,9
42,1986,12,2007,1,14206,1,0,1,2,40,8.1
43,1984,12,2700,12.8,48899.4,0,0,1,2,32,6.7
43,1985,12,2205,9.8,32711.3,1,0,1,2,33,5.4
43,1986,12,1913,8.7,340.9,1,0,1,2,34,5.3
44,1984,14,2510,11.5,49869.1,0,0,1,4,46,7.8
44,1985,14,2440,12.9,53728.1,0,1,1,4,47,7.2
44,1986,14,2260,13.1,52278.2,0,1,1,4,48,6.7
45,1984,15,3036,15,76906.6,0,1,1,1,36,7.8
45,1985,15,2333,21.4,84737.6,0,1,1,2,37,7.2
45,1986,15,2024,25.8,84996.4,0,1,1,2,38,6.7
46,1984,11,2104,12.6,26436.6,0,0,1,1,57,5.9
46,1985,11,2090,12.8,26771.5,0,0,1,1,58,7
46,1986,11,2178,12,26139.1,0,0,1,1,59,8.9
47,1984,14,1080,33.9,36650.8,0,1,1,0,55,8.6
47,1985,14,1120,23.5,26276.8,0,1,0,0,56,7.9
47,1986,14,0,26.6,0,0,0,0,0,57,6.7
48,1984,16,2662,25.3,67293.3,0,1,1,2,38,6.1
48,1985,16,2695,22.5,62854.8,0,1,1,2,39,4.9
48,1986,16,2450,23.2,62506.6,0,1,1,2,40,3.8
49,1984,17,909,93.9,85318.2,0,0,0,0,51,11.2
49,1985,17,0,35.5,0,0,0,0,0,52,9.9
49,1986,17,0,35.5,0,0,0,1,0,53,5.3
50,1984,17,2502,18.7,64649.6,0,1,1,1,38,9.5
50,1985,17,2963,18,68849.3,0,1,1,1,39,8.1
50,1986,17,3360,17.6,60024.5,0,1,1,1,40,8.2
51,1984,14,1896,8.4,32685.3,0,0,1,0,43,7.8
51,1985,14,2796,6.7,24210.8,0,0,1,0,44,7.2
51,1986,14,2172,11,37788.1,0,0,1,0,45,6.7
52,1984,17,3000,70.1,222308,0,1,1,1,47,7.8
52,1985,17,3060,79.9,259567.2,0,1,1,1,48,7.2
52,1986,17,2695,101.6,288666.7,0,1,1,0,49,6.7
53,1984,13,1908,11.3,33646.6,1,1,1,0,51,6.3
53,1985,13,1920,12.1,31660.2,1,1,1,0,52,6
53,1986,13,2000,19.9,47959.6,1,1,1,0,53,5.7
54,1984,12,1920,15.6,42010.2,0,0,1,0,41,7
54,1985,12,2168,17.8,52625.8,0,0,1,0,42,8
54,1986,12,2440,18.3,60487,0,0,1,0,43,7
55,1984,14,3250,11.5,49562.7,0,0,1,2,38,5.6
55,1985,14,3300,10.9,42198.9,0,0,1,2,39,5.9
55,1986,14,3000,10.1,40936.1,0,0,1,2,40,7.4
56,1984,12,2040,5,14323.8,1,0,1,2,34,7.2
56,1985,12,3120,4.3,17529.5,0,0,1,2,35,6.5
56,1986,12,3060,4.3,17081.3,1,0,1,2,36,6.3
57,1984,13,2120,14.7,31243.3,0,1,0,0,43,11.2
57,1985,13,2880,10.5,30263.4,0,1,0,0,44,9.9
57,1986,13,2920,10.5,30685,0,1,0,0,45,8.8
58,1984,16,3185,15.5,50710.3,0,1,1,2,39,4.6
58,1985,16,2820,22.7,65427.2,0,1,1,2,40,4.9
58,1986,16,3409,15,52050.9,1,1,1,2,41,3.8
59,1984,14,3120,13.9,62005.9,0,1,1,1,34,7.2
59,1985,14,2180,14.4,48887.1,0,0,1,1,35,6.5
59,1986,14,2510,16.3,48948.3,0,1,1,1,36,6.3
60,1984,16,1900,18.3,52873.3,0,1,1,3,42,5.3
60,1985,16,2040,18.3,42921.7,0,1,1,3,43,4.9
60,1986,16,1112,30.7,77280.8,0,1,1,3,44,4
61,1984,12,2029,8.8,27121.6,0,0,1,0,51,6.3
61,1985,12,1968,9.3,21998,0,0,1,0,52,6
61,1986,12,1960,9.4,20603.3,0,0,1,0,53,5.3
62,1984,17,1981,29.1,57679.9,0,1,1,0,54,6.3
62,1985,17,1971,28.9,57034.9,0,1,1,0,55,6
62,1986,17,2000,31.3,62506.6,0,1,1,0,56,5.3
63,1984,15,2084,19,40255.8,0,1,1,1,36,4.6
63,1985,15,2064,18.7,43416.4,0,1,1,2,37,4.9
63,1986,15,2008,23.2,51823.6,0,1,1,2,38,3.8
64,1984,11,2300,17.2,45663.3,0,0,1,1,41,8.6
64,1985,11,2700,16.8,58198.9,0,0,1,1,42,8
64,1986,11,2192,21.8,61370.1,0,0,1,1,43,8
65,1984,16,1960,15.3,60083.3,0,0,1,0,52,6.7
65,1985,16,1936,15.6,66337.5,0,1,1,0,53,5.4
65,1986,16,1920,13,60233.6,0,1,1,0,54,5.3
66,1984,16,2425,12.5,87281.7,0,1,1,0,52,5.4
66,1985,16,2242,13.9,101127.6,0,1,1,0,53,4.6
66,1986,16,2107,14.5,78618.5,0,1,1,0,54,4.5
67,1984,14,2500,12.1,39955.4,1,0,1,0,56,6.2
67,1985,14,3120,7.1,32079.3,1,1,1,0,57,5.7
67,1986,14,3084,10.5,41302.1,1,0,1,0,58,5
68,1984,14,2448,18.2,64289.1,0,1,1,2,41,5
68,1985,14,2438,19.1,66696,0,1,1,2,42,5.6
68,1986,14,2448,20,72734.9,0,1,1,2,43,5
69,1984,12,1024,8.4,8652,0,0,0,0,30,9.4
69,1985,12,858,18.6,15972.1,0,1,0,0,31,8.8
69,1986,12,1889,6.6,12501.3,0,1,1,1,32,8.5
70,1984,12,2623,11.9,42513.7,0,0,1,3,38,9.4
70,1985,12,2440,11.6,38760.5,0,0,1,3,39,8.9
70,1986,12,3127,10.2,44322.8,0,0,1,3,40,8.1
71,1984,12,2601,9.2,36049.9,0,0,1,0,29,10
71,1985,12,2442,8.6,31427.4,0,0,1,0,30,11.5
71,1986,12,2040,10.6,32958,0,0,1,0,31,13.1
72,1984,16,2286,12.5,28599.6,0,1,1,0,25,11.2
72,1985,16,2165,14.5,31427.4,0,1,0,0,26,9.9
72,1986,16,2214,16,35458.3,0,1,0,0,27,8.8
73,1984,12,2400,11.3,27037.5,0,1,1,0,57,9.4
73,1985,12,2400,11.6,27935.5,0,1,1,0,58,8.9
73,1986,12,1760,14.2,25002.6,0,1,1,0,59,8.1
74,1984,17,2490,13,58881.6,0,1,1,0,29,7.8
74,1985,17,2650,13.6,66346.8,0,1,1,0,30,7.2
74,1986,17,2480,14.8,71257.5,0,1,1,0,31,6.7
75,1984,12,2182,11.1,42138.8,0,0,1,3,40,10.8
75,1985,12,2080,13.2,48435.5,0,0,1,3,41,10.3
75,1986,12,2371,13.8,53187.4,0,0,1,3,42,11.7
76,1984,16,3718,18.5,86924.9,1,0,1,0,57,10.8
76,1985,16,3120,11.2,52379,1,0,1,0,58,10.3
76,1986,16,3000,11.4,53187.4,1,1,1,0,59,11.7
77,1984,15,1933,20.5,39654.9,0,1,0,1,39,7.2
77,1985,15,1864,22.5,41903.2,0,1,0,1,40,6.4
77,1986,15,1848,22.8,42049.9,0,1,0,1,41,6.1
78,1984,9,1920,6,20428.3,0,1,1,2,53,6.7
78,1985,9,1920,5.8,18041.7,0,1,1,1,54,5.4
78,1986,9,1148,13.9,23638.8,0,1,1,1,55,5.3
79,1984,17,3460,16.9,59576.1,0,1,1,2,42,7.8
79,1985,17,2988,18.3,55289,0,1,1,2,43,7.2
79,1986,17,3250,21,70802.9,0,1,1,2,44,6.7
80,1984,16,1944,30.9,84957.7,0,1,1,0,57,9.5
80,1985,16,2200,28.6,95446.2,0,1,1,0,58,8.1
80,1986,16,1944,30.6,83417.9,0,1,1,0,59,8.2
81,1984,16,1921,34.8,98260.2,0,1,1,0,57,6.2
81,1985,16,1808,36.7,99753,0,1,1,0,58,5.7
81,1986,16,1824,39.4,107624.9,0,1,1,0,59,5
82,1984,12,2100,13.7,33646.6,1,1,1,2,36,5
82,1985,12,2008,13.3,26771.5,1,0,1,2,37,5.6
82,1986,12,1970,14.4,45459.3,1,1,1,2,38,5
83,1984,15,2400,57.6,138191.5,0,0,1,2,58,11.2
83,1985,15,1960,83.1,162957,0,0,1,0,59,9.9
83,1986,15,2450,11.6,28412.1,0,0,1,0,60,8.8
84,1984,17,2400,16,56478.3,1,0,1,2,41,6.5
84,1985,17,1909,15.3,53543,1,0,1,2,42,5.9
84,1986,17,2420,6.4,43652.3,0,0,1,2,43,6
85,1984,16,1936,19.9,73301.6,0,1,1,2,36,8.6
85,1985,16,1905,21.6,74910.2,0,1,1,2,37,7.9
85,1986,16,1920,21.9,79553.8,0,1,1,2,38,6.7
86,1984,16,2706,10.3,42152,0,1,1,0,29,6.7
86,1985,16,2706,11.3,42285,0,1,1,1,30,5.4
86,1986,16,2319,15.3,45188.8,0,1,1,1,31,5.3
87,1984,10,3036,9.9,48066.6,1,1,1,0,32,9.1
87,1985,10,3120,11.2,59362.9,1,1,1,0,33,9
87,1986,10,3263,9.8,57960.6,1,1,1,0,34,8.1
88,1984,12,1920,6.4,20728.7,0,0,1,1,25,8.9
88,1985,12,2020,6.9,24443.6,0,0,1,1,26,8.7
88,1986,12,1920,6.4,22473.9,0,0,1,1,27,8.7
89,1984,13,2940,9.4,37708.3,1,0,1,0,50,5.6
89,1985,13,3430,10.5,45825.8,1,0,1,0,51,5.9
89,1986,13,3950,13.4,62637.3,1,0,1,0,52,7.4
90,1984,12,2500,3,7510.4,1,0,1,1,57,5.6
90,1985,12,2530,4,10202.3,1,0,1,1,58,5.9
90,1986,12,2318,3.5,10068.1,1,0,1,1,59,7.4
91,1984,12,2420,15.9,38453.3,0,1,1,1,56,8.9
91,1985,12,2331,17.5,40739.3,0,1,1,0,57,8.7
91,1986,12,2256,15.3,34549.1,0,1,1,0,58,8.7
92,1984,9,1990,16.5,32805.5,0,0,1,0,58,9.3
92,1985,9,1880,18,33755.4,0,0,1,0,59,9.5
92,1986,9,1363,24.6,33526.3,0,0,1,0,60,9.3
93,1984,12,1976,23.1,45663.3,0,1,1,3,34,4.8
93,1985,12,1960,22.6,44231.2,0,1,0,0,35,3.9
93,1986,12,1838,27.2,50005.3,0,1,0,0,36,3.8
94,1984,14,3000,15.2,63688.3,0,0,1,1,40,11.2
94,1985,14,2400,24.1,83573.7,0,0,1,1,41,9.9
94,1986,14,2400,21.8,75007.9,0,1,1,1,42,8.8
95,1984,17,0,24.1,26436.6,0,0,1,0,52,7.2
95,1985,17,0,24.1,0,0,0,1,0,53,6.5
95,1986,17,0,24.1,0,0,0,0,0,54,6.3
96,1984,12,0,8.3,14420,0,0,1,3,44,7
96,1985,12,1821,1.1,18390.9,0,0,1,2,45,7.1
96,1986,12,2662,6,40766.8,0,0,1,2,46,8.2
97,1984,16,1950,15.4,36650.8,0,1,1,1,36,5.6
97,1985,16,1440,20.8,29984.1,0,1,1,2,37,5.9
97,1986,16,2016,16.9,38640.4,0,1,1,2,38,7.4
98,1984,17,2400,31,74503.2,0,1,1,3,44,5
98,1985,17,2400,31,74494.6,0,1,1,3,45,5.6
98,1986,17,2856,27.1,77280.8,0,1,1,3,46,5
99,1984,13,2585,0.9,18347,1,0,1,1,32,7.2
99,1985,13,2580,1.6,23138.7,1,0,1,1,33,6.4
99,1986,13,2580,3.3,26586.9,1,0,1,2,34,6.1
100,1984,12,2359,27.2,80788,1,0,0,0,39,7.8
100,1985,12,2572,24.1,95077.3,1,0,1,0,40,7.2
100,1986,12,2290,43.7,127664.5,1,1,1,0,41,6.7
101,1984,17,1685,3.6,33674.3,1,0,1,0,58,9.5
101,1985,17,944,5.9,31194.6,1,0,1,0,59,8.1
101,1986,17,1500,7.6,85236.2,1,0,1,0,60,8.2
102,1984,17,2272,9.9,27200.9,1,0,1,1,49,7.2
102,1985,17,2322,8.9,31032.8,1,0,1,1,50,6.5
102,1986,17,3500,7.1,29491.7,1,0,1,1,51,6.3
103,1984,14,2178,10.9,40135.6,0,1,1,2,39,6.7
103,1985,14,2178,10.7,41321.2,0,1,1,2,40,5.4
103,1986,14,2066,11.8,41708.9,0,1,1,1,41,5.3
104,1984,14,2300,6.5,18613.8,1,0,1,2,27,6.3
104,1985,14,3126,11.7,42287.3,1,0,1,2,28,6
104,1986,14,3348,10.6,46773.1,0,0,1,2,29,5.7
105,1984,16,1560,7.7,45663.3,1,0,1,2,35,4.8
105,1985,16,1362,13.7,52379,1,0,1,2,36,3.9
105,1986,16,2385,4.8,48982.4,1,0,1,2,37,3.8
106,1984,17,4960,9.7,48042.6,1,1,1,2,39,7.2
106,1985,17,4128,24.8,102430.1,1,1,1,2,40,6.5
106,1986,17,2890,41.3,119330.7,1,1,1,2,41,5
107,1984,15,2450,12.4,30312,1,0,1,2,31,6.3
107,1985,15,3120,11.8,36735.2,1,0,1,2,32,6
107,1986,15,2050,15.8,33327.4,1,1,1,2,33,5.7
108,1984,16,2057,12.6,27072.3,1,0,1,3,33,4.3
108,1985,16,2142,14.2,30346.1,1,0,1,3,34,5.1
108,1986,16,2160,13.7,29639.5,1,0,1,3,35,4.7
109,1984,0,2080,9.2,19611.2,0,0,1,3,28,7.2
109,1985,0,2112,8.8,26771.5,0,0,1,3,29,6.4
109,1986,0,2460,8.8,31821.5,0,1,1,3,30,6.1
110,1984,16,2390,77.9,211493.1,0,1,1,0,57,4.8
110,1985,16,2541,73.3,207188.2,0,1,1,0,58,3.9
110,1986,16,2880,78.1,232297.1,0,1,1,0,59,3.8
111,1984,17,2380,17.7,43548.3,0,1,1,0,58,9.4
111,1985,17,94,116.4,15166.6,0,0,1,0,59,8.9
111,1986,17,0,22.5,0,0,0,1,0,60,8.1
112,1984,14,2214,16.3,38453.3,0,0,1,2,30,11.1
112,1985,14,320,21.8,6983.9,1,0,1,2,31,8.9
112,1986,14,2080,16.3,33867.2,0,0,1,2,32,6.7
113,1984,14,2720,1.3,6736.5,0,0,1,1,35,7.8
113,1985,14,1332,10.2,14200.5,0,0,1,2,36,7.2
113,1986,14,1680,8.5,15228.9,0,0,1,2,37,6.7
114,1984,17,2618,25.7,67293.3,0,1,1,1,37,4.6
114,1985,17,2400,30.1,72166.7,0,1,1,1,38,4.9
114,1986,17,2680,31,82963.3,0,1,1,1,39,3.8
115,1984,17,0,7.1,0,0,0,0,0,44,7.2
115,1985,17,0,7.1,0,0,0,0,0,45,6.4
115,1986,17,0,7.1,0,0,0,0,0,46,6.1
116,1984,16,3185,25.7,81713.2,1,1,1,1,38,7.2
116,1985,16,3360,22.5,75658.6,1,1,1,1,39,6.4
116,1986,16,2688,16.9,54079.5,0,0,1,1,40,6.1
117,1984,16,2400,36.2,89325.8,1,0,1,2,40,5.9
117,1985,16,2400,44.2,108482.8,1,0,1,2,41,7
117,1986,16,2420,45,111045.8,1,0,1,2,42,8.9
118,1984,14,1064,5.7,10815,0,0,1,1,26,9.5
118,1985,14,2285,12.7,32591.4,0,0,1,1,27,8.1
118,1986,14,2216,15.7,34855.9,0,0,1,2,28,8.2
119,1984,12,1088,12.1,44461.6,0,0,1,0,29,9.5
119,1985,12,305,6.5,33406.2,0,0,1,0,30,8.1
119,1986,12,400,11.4,38640.4,0,0,1,0,31,8.2
120,1984,17,2530,18,45410.9,0,1,1,1,38,9.5
120,1985,17,2520,18.4,46361.3,0,1,1,1,39,8.1
120,1986,17,2465,18.7,46027.6,0,1,1,1,40,8.2
121,1984,16,2352,17.6,48667.4,0,1,1,0,57,6.7
121,1985,16,3276,13,51215.1,0,1,1,0,58,5.4
121,1986,16,2695,15.2,52278.2,0,1,1,0,59,5.3
122,1984,17,2106,39.4,82966.6,0,1,1,0,58,7.8
122,1985,17,2370,36.8,87298.4,0,1,1,0,59,7.2
122,1986,17,2160,41,88645.7,0,1,1,0,60,6.7
123,1984,17,1677,6.5,13310.8,0,0,1,1,25,9.1
123,1985,17,2259,8.5,20427.8,0,0,1,2,26,7.2
123,1986,17,2304,10.8,28338.2,0,1,1,2,27,7
124,1984,0,2002,10.1,22230.8,0,0,1,2,31,7.3
124,1985,0,2100,10.3,24210.8,0,0,1,2,32,7.2
124,1986,0,2820,11.3,36451.6,0,0,1,2,33,7
125,1984,14,2964,5.2,15381.3,0,1,1,3,47,9.5
125,1985,14,3380,5.8,19426.8,1,0,1,2,48,8.1
125,1986,14,3060,4.3,13103.7,1,0,1,2,49,8.2
126,1984,12,3060,2,6008.3,1,0,1,1,42,4.4
126,1985,12,4109,2,8706.6,1,0,1,1,43,5.5
126,1986,12,2317,5.6,17615.5,0,0,1,0,44,5
127,1984,16,1310,1.1,37491.9,1,0,1,1,33,9.4
127,1985,16,832,10.2,40739.3,0,0,1,1,34,8.9
127,1986,16,1218,12.3,47959.6,0,0,1,2,35,8.1
128,1984,12,2350,25,93729.9,0,0,1,1,41,5
128,1985,12,2820,19.8,94282.3,0,0,1,1,42,5.6
128,1986,12,1896,27,95464.6,0,0,1,1,43,5
129,1984,16,2700,14.9,49869.1,1,0,1,0,43,5
129,1985,16,2573,20.4,66346.8,0,0,1,0,44,5.6
129,1986,16,2400,12.3,39208.7,0,0,1,0,45,5
130,1984,17,2621,22.1,87961.9,0,1,1,1,45,11.2
130,1985,17,2750,25,91954.3,0,1,1,1,46,5.9
130,1986,17,2500,28.4,105124.7,0,1,1,0,47,7.4
131,1984,12,343,9.8,0,0,0,1,0,58,6.3
131,1985,12,0,9.8,0,1,0,1,0,59,6
131,1986,12,0,9.8,0,0,0,1,0,60,5.7
132,1984,16,2124,19.2,41084.9,0,1,1,3,54,9.4
132,1985,16,2191,19.7,47490.3,0,1,1,3,55,8.9
132,1986,16,1952,21.3,46937.9,0,1,1,3,56,8.1
133,1984,12,2116,18.2,38453.3,0,0,1,2,45,9.4
133,1985,12,2420,15.9,38411.3,0,0,0,3,46,8.8
133,1986,12,2007,18.7,37503.9,0,0,0,2,47,8.5
134,1984,13,1910,11.6,22230.8,0,1,1,0,56,7.2
134,1985,13,1944,10.8,20951.6,0,0,1,0,57,6.5
134,1986,13,1920,10.7,20456.7,0,0,1,0,58,6.3
135,1984,17,2493,24,95880.9,0,1,1,0,39,5.9
135,1985,17,1960,29.7,90208.3,0,1,1,0,40,7
135,1986,17,2162,31.3,97169.3,0,1,1,0,41,8.9
136,1984,10,1756,16.9,39304.1,0,0,1,2,34,9.4
136,1985,10,1568,16.3,34919.4,0,0,1,3,35,8.8
136,1986,10,2050,13.3,38640.4,0,0,1,3,36,8.5
137,1984,16,2450,29.4,72099.9,0,1,1,0,56,6.2
137,1985,16,2450,28.5,69838.7,0,1,1,0,57,5.7
137,1986,16,2187,32.2,70461.9,0,1,1,0,58,5
138,1984,16,750,12.8,20948.6,0,0,1,0,31,4.6
138,1985,16,1020,16,38585.9,0,0,1,0,32,4.9
138,1986,16,2750,16.1,72166.7,0,1,1,0,33,3.8
139,1984,17,2500,22.1,55276.6,0,1,1,2,31,5
139,1985,17,2500,24.2,60526.9,0,1,1,2,32,5.6
139,1986,17,2450,24.6,60233.6,0,1,1,2,33,5
140,1984,12,2303,16.5,37972.6,0,1,1,0,54,9.1
140,1985,12,2190,17.5,38411.3,0,1,1,0,55,8
140,1986,12,1868,21.2,39549.6,0,1,1,0,56,6.8
141,1984,12,2778,6.5,37251.6,0,1,1,2,29,7.8
141,1985,12,2390,9.6,38178.5,0,1,1,2,30,7.2
141,1986,12,2486,6.6,39555.3,0,1,1,2,31,6.7
142,1984,8,2048,13.2,27037.5,0,0,1,0,56,8.6
142,1985,8,1948,13.8,26771.5,0,0,1,0,57,7.9
142,1986,8,1962,13.3,26139.1,0,0,1,0,58,6.7
143,1984,8,1490,25,67722.2,1,1,1,0,49,8.6
143,1985,8,1740,30.7,53391.7,1,1,1,0,50,7.9
143,1986,8,1860,4.4,16319.9,1,1,1,0,51,6.7
144,1984,12,2254,17.1,38453.3,0,0,1,1,26,9.3
144,1985,12,2450,17.1,49096.6,0,0,0,0,27,9.5
144,1986,12,2550,15.1,38640.4,0,0,1,1,28,9.3
145,1984,12,2256,14.9,34127.3,0,0,1,3,28,7.8
145,1985,12,2160,14.6,31776.6,0,0,1,3,29,7.2
145,1986,12,2205,14.4,35231,0,0,1,3,30,6.7
146,1984,13,2341,5.1,18562.1,0,0,1,1,27,7.8
146,1985,13,1673,7.4,18692.3,1,0,1,1,28,7.2
146,1986,13,3272,4.1,21093.1,0,0,1,1,29,6.7
147,1984,17,1770,18.3,72099.9,0,1,1,2,38,5.6
147,1985,17,2176,16.7,36432.5,0,1,1,2,39,5.9
147,1986,17,2420,15.5,37503.9,0,1,0,0,40,7.4
148,1984,13,2232,12.1,37131.4,0,0,1,2,29,5.9
148,1985,13,2042,14.3,32009.4,0,0,1,2,30,7
148,1986,13,1944,14,28412.1,0,0,1,3,31,8.9
149,1984,15,2502,7.6,29621.1,1,0,1,1,49,9.4
149,1985,15,2190,2,4399.8,1,0,1,0,50,8.9
149,1986,15,3515,1.7,5974.5,1,0,1,0,51,8.1
150,1984,16,2640,27.3,72099.9,0,0,1,2,43,9.4
150,1985,16,2303,34.4,79150.5,0,1,1,1,44,5.9
150,1986,16,2808,27.5,79735.6,0,1,1,1,45,7.4
151,1984,12,2144,6.2,18025,0,0,0,0,25,9.4
151,1985,12,2420,5.7,17226.9,0,0,1,0,26,8.9
151,1986,12,2377,7.2,27275.6,0,1,1,0,27,8.1
152,1984,15,2630,8.7,40255.8,0,1,1,2,27,6.7
152,1985,15,1848,15.4,45977.1,0,1,1,2,28,5.4
152,1986,15,3265,9.4,50005.3,0,1,1,2,29,5.3
153,1984,16,2269,11.9,31844.1,0,1,1,4,39,5.9
153,1985,16,3040,8.9,41018.6,0,1,1,4,40,7
153,1986,16,3735,12.9,59665.4,0,1,1,2,41,8.9
154,1984,17,1589,15.9,25235,0,1,0,0,35,7.2
154,1985,17,1685,17.7,29797.8,0,1,0,0,36,6.5
154,1986,17,1659,17.3,28665.5,0,1,0,0,37,6.3
155,1984,16,4410,10.9,48066.6,0,1,1,3,30,10
155,1985,16,1960,24.4,47723.1,0,1,1,3,31,11.5
155,1986,16,2880,17.8,52278.2,0,1,1,3,32,13.1
156,1984,13,568,77.6,45903.6,0,0,1,2,40,6.3
156,1985,13,1392,12.1,18972.8,0,0,1,1,41,6
156,1986,13,2012,16,34555.9,0,0,1,0,42,5.7
157,1984,13,2400,13.5,60083.3,0,0,1,2,32,4.8
157,1985,13,1998,14,52379,0,0,1,2,33,3.9
157,1986,13,1977,26.5,76144.4,0,0,1,2,34,3.8
158,1984,12,4420,9,39931.3,0,1,0,0,42,11.2
158,1985,12,2865,13.1,37629.1,0,1,0,0,43,9.9
158,1986,12,3120,11.4,35526.5,0,1,0,0,44,8.8
159,1984,13,2531,22.2,58272.4,0,0,1,4,43,7.8
159,1985,13,2727,19.2,55289,0,0,1,4,44,7.2
159,1986,13,2476,21.5,53318.1,0,0,1,3,45,6.7
160,1984,16,2450,46.6,117763.2,0,1,1,0,52,7.2
160,1985,16,2695,38.9,110578,0,1,1,0,53,6.5
160,1986,16,2750,41.3,119330.7,1,1,1,0,54,6.3
161,1984,17,2104,43.8,135514.2,0,1,1,0,52,7.2
161,1985,17,2120,17.6,85040.3,1,0,1,0,53,6.5
161,1986,17,1410,56.4,131832,1,0,1,0,54,6.3
162,1984,16,2500,23.1,57679.9,0,0,1,2,37,11.2
162,1985,16,2450,19,46559.1,0,1,1,2,38,9.9
162,1986,16,2500,17.3,43186.4,0,0,1,2,39,8.8
163,1984,11,3484,6.2,38453.3,0,0,1,3,44,6
163,1985,11,2600,11.6,41903.2,0,0,1,2,45,6.5
163,1986,11,3060,12.4,38640.4,0,0,1,2,46,5.9
164,1984,17,2500,9.1,48547.3,0,1,1,2,25,8.9
164,1985,17,4528,4.7,51056.8,0,1,1,2,26,8.7
164,1986,17,1963,4.1,37048.2,0,0,1,2,27,8.7
165,1984,12,2520,10.1,25439.3,1,0,1,2,41,7
165,1985,12,3635,7.4,26954.3,1,0,1,2,42,8
165,1986,12,3149,7.1,26144.8,1,1,1,1,43,7
166,1984,10,2227,20,62486.6,0,0,1,0,54,8.6
166,1985,10,2090,19.8,58810,0,0,1,0,55,7.9
166,1986,10,1998,18.9,53296.5,0,0,1,0,56,6.7
167,1984,14,1785,19.2,50469.9,0,1,1,1,40,6.5
167,1985,14,1476,20.5,34919.4,0,1,1,1,41,7.9
167,1986,14,1494,23.6,40913.4,0,1,1,1,42,8.7
168,1984,12,2024,14.8,31631.4,0,1,1,4,39,5.9
168,1985,12,2226,13.6,36083.3,0,1,1,4,40,7
168,1986,12,2000,14.8,35231,0,1,1,4,41,8.9
169,1984,9,2000,6.8,20014.9,0,1,1,2,40,4.4
169,1985,9,2086,6.9,21882.8,0,1,1,2,41,5.5
169,1986,9,1950,7.9,22729.7,0,0,1,1,42,5
170,1984,15,1952,18.7,36517.4,0,1,1,2,32,5.6
170,1985,15,2009,19,38169.2,0,1,1,2,33,5.9
170,1986,15,2050,20.5,41923.7,0,1,1,2,34,7.4
171,1984,17,1340,15.4,40664.4,1,0,1,0,42,7.8
171,1985,17,425,41.3,33146.6,1,0,1,0,43,7.2
171,1986,17,1072,22.8,45885.5,1,0,1,0,44,6.7
172,1984,12,2160,8.9,34848.3,0,1,1,0,53,6.2
172,1985,12,2350,13.4,50633.1,0,1,1,0,54,5.7
172,1986,12,2007,15.9,48868.8,0,0,1,0,55,5
173,1984,15,1893,15,28359.3,0,0,1,2,37,7.2
173,1985,15,2030,14.2,28750.3,0,0,1,2,38,6.4
173,1986,15,2350,13.4,31692,0,0,1,2,39,6.1
174,1984,17,2051,18.5,48375.4,0,0,1,0,57,5
174,1985,17,2150,17,49675.1,0,0,1,0,58,5.6
174,1986,17,2592,15.7,48623.3,0,0,1,0,59,5
175,1984,14,1952,14.5,28359.3,0,1,1,2,35,7.2
175,1985,14,2336,13.9,32475,0,1,1,2,36,4.6
175,1986,14,2316,15.6,36197,0,1,1,2,37,4.5
176,1984,11,1840,22.6,70778.1,0,0,1,0,57,6
176,1985,11,1839,24.8,75309.4,0,0,1,0,58,6.5
176,1986,11,2000,22.5,74212.3,0,0,1,0,59,5.9
177,1984,16,2041,14.3,29080.3,0,1,0,0,26,7.2
177,1985,16,2004,18.6,37247.3,0,1,0,0,27,6.5
177,1986,16,2044,19.9,40686.1,0,1,0,0,28,6.3
178,1984,13,2700,14.2,43259.9,0,0,1,3,33,7.2
178,1985,13,2150,14.1,33755.4,0,0,1,3,34,6.5
178,1986,13,1804,19.5,39776.9,0,0,1,3,35,6.3
179,1984,14,1720,25.1,43259.9,0,0,1,0,29,7.8
179,1985,14,1389,35.2,48887.1,0,0,0,0,30,7.2
179,1986,14,1216,29,35231,0,0,0,0,31,6.7
180,1984,17,2280,2.9,11463.9,1,0,1,3,38,7.8
180,1985,17,2470,8.1,33903.2,1,0,1,2,39,7.2
180,1986,17,2360,9.2,40436.1,1,0,1,2,40,6.7
181,1984,16,1980,26.1,51671.6,0,1,0,0,48,5
181,1985,16,1949,26,50749.5,0,1,0,0,49,5.6
181,1986,16,2112,24.8,52278.2,0,1,0,0,50,5
182,1984,16,2208,10.7,66151.7,0,1,1,0,44,6
182,1985,16,2244,21.4,90247.9,0,1,1,0,45,6.5
182,1986,16,2444,11.1,72006.4,0,1,1,0,46,5.9
183,1984,12,2261,17.1,41797.5,0,0,1,0,42,7
183,1985,12,2430,15.3,47490.3,0,0,1,0,43,8
183,1986,12,2585,15.1,40291.7,0,0,1,0,44,7
184,1984,17,2689,13.4,42058.3,1,1,1,0,58,9.4
184,1985,17,2668,20.9,72632.3,1,1,1,0,59,8.8
184,1986,17,2600,21,68189,1,1,1,0,60,8.5
185,1984,13,2420,9.5,23084,1,0,1,3,27,7.8
185,1985,13,2485,7.3,18539.8,1,0,1,3,28,7.2
185,1986,13,2010,14.7,29888.4,1,0,1,3,29,6.7
186,1984,12,3289,1.9,7373.4,1,0,1,1,28,8.6
186,1985,12,4160,3.9,17977.7,1,0,1,1,29,7.2
186,1986,12,5737,0.9,14174.2,1,0,1,1,30,7
187,1984,16,2080,17.3,78108.2,1,0,1,0,58,7.2
187,1985,16,0,43.2,32591.4,0,0,1,0,59,6.5
187,1986,16,2600,13.7,69666.4,0,0,1,0,60,6.3
188,1984,17,1320,14.6,28840,0,1,1,0,53,5.4
188,1985,17,2200,3.2,21475.4,1,1,1,0,54,4.6
188,1986,17,3048,2.8,17047.2,1,0,1,0,55,4.5
189,1984,12,3150,8.8,27758.5,0,0,1,0,27,5.4
189,1985,12,1823,16.2,29565.1,0,0,1,1,28,4.6
189,1986,12,2544,13.4,34094.5,0,0,0,0,29,4.5
190,1984,17,3558,13.3,47946.4,0,1,1,0,54,7
190,1985,17,3180,17.3,54939.8,0,1,1,0,55,8
190,1986,17,3952,12.8,50773.5,0,1,1,0,56,7
191,1984,16,2600,6.4,30089.7,1,0,1,1,51,4.4
191,1985,16,2550,10.5,349.2,1,0,1,0,52,5.5
191,1986,16,2560,8.5,30448.7,1,0,1,0,53,5
192,1984,12,1218,9.4,14542.5,0,0,1,2,37,5
192,1985,12,1686,8.3,20951.6,0,0,1,2,38,5.6
192,1986,12,1974,9,24306,0,0,1,2,39,5
193,1984,17,2024,35.6,72340.2,1,0,1,3,46,4.3
193,1985,17,2500,37.3,93583.9,1,0,1,2,47,5.1
193,1986,17,2550,31.3,79798.1,0,1,1,2,48,4.7
194,1984,16,2088,21.3,75704.9,0,1,1,0,38,7.3
194,1985,16,2050,27.3,90790.3,0,1,1,0,39,7.2
194,1986,16,1999,26.1,89441.2,0,1,1,0,40,7
195,1984,13,1426,8.9,23575.5,0,0,1,1,37,7.8
195,1985,13,2167,11.2,39747.5,0,0,1,1,38,7.2
195,1986,13,1984,13.4,42330.6,0,0,1,1,39,6.7
196,1984,17,2760,13.1,51671.6,0,1,1,0,46,5.9
196,1985,17,3060,12.5,51215.1,0,0,1,0,47,7
196,1986,17,816,8.4,20456.7,0,0,1,0,48,8.9
197,1984,12,2306,9.9,32204.6,0,0,1,1,28,9.1
197,1985,12,2570,10.5,36199.7,0,0,1,1,29,8
197,1986,12,2376,10.5,34094.5,0,0,1,1,30,6.8
198,1984,12,2038,21.2,43259.9,0,0,1,1,39,7.2
198,1985,12,2042,22.5,47024.7,0,0,1,1,40,6.5
198,1986,12,2144,23.9,51141.7,0,0,1,0,41,6.3
199,1984,16,2814,7,19715.7,1,1,1,2,57,6.5
199,1985,16,2695,16.1,43471.1,1,0,1,1,58,5.9
199,1986,16,2640,21,55483.1,1,1,1,1,59,6
200,1984,17,1182,38.6,91326.5,0,1,1,1,40,7.2
200,1985,17,1248,37.8,94282.3,0,1,1,1,41,6.5
200,1986,17,1152,42.4,98305.8,0,1,1,1,42,6.3
201,1984,17,3100,17.2,53317.9,0,1,1,3,36,8.9
201,1985,17,3630,14.1,51187.1,1,1,1,3,37,8.7
201,1986,17,3341,16.2,53982.9,0,1,1,3,38,8.7
202,1984,12,2205,10.1,42659.1,0,1,1,1,42,8.6
202,1985,12,2245,10.4,44231.2,0,1,1,0,43,7.9
202,1986,12,2205,10.3,45459.3,0,1,1,0,44,6.7
203,1984,12,940,104.8,98536.5,0,0,1,2,40,4.8
203,1985,12,928,115.4,107086,0,0,1,2,41,3.9
203,1986,12,2160,52.6,113869.9,0,0,1,2,42,3.8
204,1984,14,1960,19.9,70177.2,0,1,1,1,45,6.5
204,1985,14,2097,18.8,67480.5,0,1,1,1,46,5.9
204,1986,14,1725,22.9,69757.3,0,1,1,1,47,6
205,1984,12,2400,13.9,35004.5,0,0,1,1,55,7.3
205,1985,12,2700,12.1,39924.5,0,0,1,1,56,7.2
205,1986,12,2350,13.1,38981.4,0,0,1,1,57,7
206,1984,16,2530,21.4,70898.2,0,1,1,0,58,9.1
206,1985,16,2530,20.7,69838.7,0,1,1,0,59,8
206,1986,16,2508,27.9,90350.4,0,1,1,0,60,6.8
207,1984,12,1867,21.5,80268.8,0,0,1,0,34,5.4
207,1985,12,1914,21.7,82684.4,0,0,1,0,35,4.6
207,1986,12,2044,23,89162.8,0,1,1,0,36,4.5
208,1984,17,2280,48,131149.7,1,1,1,1,36,4.8
208,1985,17,2370,46,131162.9,1,0,1,1,37,3.9
208,1986,17,2988,36.3,128984,1,0,1,1,38,3.8
209,1984,14,1680,14.7,24634.1,0,0,1,2,27,4.8
209,1985,14,1756,15.2,27237.1,0,0,1,2,28,3.9
209,1986,14,2004,17,34094.5,0,0,1,2,29,3.8
210,1984,13,3046,8.3,52873.3,0,1,1,0,35,7.2
210,1985,13,3548,6.7,50633.1,0,0,1,0,36,6.4
210,1986,13,3860,6.5,53414.7,0,1,1,0,37,6.1
211,1984,13,0,21.4,17183.8,0,0,1,1,51,6.2
211,1985,13,0,21.4,17808.9,0,0,1,1,52,5.7
211,1986,13,0,21.4,18183.7,0,0,1,1,53,5
212,1984,12,1748,13.8,24033.3,0,0,1,0,57,9.1
212,1985,12,1879,13.6,25607.5,0,0,1,0,58,8
212,1986,12,570,15,8523.6,0,0,1,0,59,6.8
213,1984,15,2064,6.4,27638.3,0,1,1,0,30,7.8
213,1985,15,2490,5.1,22581.2,0,1,1,0,31,7.2
213,1986,15,2040,6.7,19320.2,0,0,1,0,32,6.7
214,1984,15,2276,12.1,48523.2,0,1,1,1,31,9.1
214,1985,15,2720,11.9,46326.3,0,1,1,2,32,8
214,1986,15,1968,10.4,42049.9,0,1,1,2,33,6.8
215,1984,12,3409,2.7,9258.8,1,1,1,1,31,9.5
215,1985,12,3952,1.5,5966.5,1,0,1,1,32,8.1
215,1986,12,3000,7.3,21877.3,1,0,1,2,33,8.2
216,1984,12,2250,17.6,42538.9,0,0,1,2,33,9.5
216,1985,12,2250,17.6,44464,0,0,1,2,34,8.1
216,1986,12,2250,19.7,49437,0,0,1,2,35,8.2
217,1984,16,2032,19.5,39618.9,0,1,1,2,40,9.1
217,1985,16,2167,18,40157.3,0,1,1,3,41,9
217,1986,16,1944,20.5,43186.4,0,1,1,3,42,8.1
218,1984,12,3313,10.4,34436.1,1,0,1,4,38,9.5
218,1985,12,4284,4.4,18788.9,1,0,1,4,39,8.1
218,1986,12,3328,11.3,37690.3,1,1,1,4,40,8.2
219,1984,12,2056,17.5,40255.8,0,0,1,4,45,9.5
219,1985,12,2056,16.8,36156.7,0,0,1,4,46,8.1
219,1986,12,1526,19.4,29548.6,0,0,1,4,47,8.2
220,1984,13,2210,7.3,16222.5,0,1,0,0,36,5.6
220,1985,13,1568,4.5,6983.9,0,0,0,0,37,5.9
220,1986,13,2180,2.5,5455.1,0,0,0,0,38,6.9
221,1984,17,3947,15.2,80511.6,1,1,1,1,53,4.8
221,1985,17,3036,23,90790.3,1,1,1,1,54,3.9
221,1986,17,2430,25.7,79553.8,1,1,1,1,55,3.8
222,1984,16,1824,2.5,8700.1,1,0,1,0,33,9.1
222,1985,16,1468,3.5,11721.3,0,0,1,0,34,8
222,1986,16,1934,4.8,18053,0,0,1,0,35,6.8
223,1984,13,3082,9.2,28288.4,1,0,1,0,38,7.8
223,1985,13,2380,2.8,6732.5,1,0,1,0,39,7.2
223,1986,13,1145,15,17130.2,0,0,1,0,40,6.7
224,1984,14,1840,9.1,39825.6,0,0,1,0,32,9.1
224,1985,14,3499,4.8,43585.2,0,0,1,0,33,8
224,1986,14,4400,4.4,48868.8,0,0,1,0,34,6.8
225,1984,9,1706,25.4,43259.9,0,0,1,0,58,9.1
225,1985,9,2000,21.5,43067.2,0,0,1,0,59,8
225,1986,9,1920,20.5,39322.3,0,0,1,0,60,6.8
226,1984,12,1619,11.1,35689.4,0,0,1,3,38,8.9
226,1985,12,2150,8.1,29099.5,0,0,1,3,39,8.7
226,1986,12,1900,6.6,24661.7,0,0,1,3,40,8.7
227,1984,12,2580,3.5,12182.5,0,0,1,2,29,10
227,1985,12,3120,5.2,16295.7,0,0,1,2,30,11.5
227,1986,12,2862,2.8,7955.4,0,0,1,2,31,13.1
228,1984,14,2096,15,31483.6,0,1,1,0,25,9.4
228,1985,14,2042,14.3,41903.2,0,1,1,0,26,8.9
228,1986,14,1976,16.4,47732.3,0,1,1,0,27,8.1
229,1984,12,1896,12.4,40255.8,0,0,1,0,33,7
229,1985,12,1912,12.1,39982.7,0,0,1,0,34,8
229,1986,12,1900,12.6,42731.8,0,0,1,0,35,7
230,1984,12,2142,5.9,20788.8,0,0,1,0,56,7
230,1985,12,1400,3.3,17226.9,0,0,1,0,57,8
230,1986,12,1596,7.1,25002.6,0,0,1,0,58,7
231,1984,12,1846,14.3,45543.1,0,0,1,0,47,9.4
231,1985,12,1992,9.3,36042.6,0,0,1,0,48,8.9
231,1986,12,2033,17.3,54551.2,0,0,1,0,49,8.1
232,1984,12,1552,7.8,18428.7,1,0,1,2,31,7.2
232,1985,12,2000,11.1,32591.4,0,1,1,2,32,6.4
232,1986,12,2964,7.1,32306.8,0,1,1,2,33,6.1
233,1984,12,1852,21.9,59871.8,0,0,1,0,58,9.4
233,1985,12,1670,25.1,61262.5,0,0,1,0,59,8.9
233,1986,12,1640,21.6,53655.6,0,0,1,0,60,8.1
234,1984,17,2362,19.6,53594.3,0,1,1,1,33,4.8
234,1985,17,2331,20.5,64784.7,0,1,1,1,34,3.9
234,1986,17,2836,17.2,60688.2,0,1,1,1,35,3.8
235,1984,17,2640,29.6,98536.5,0,0,1,0,56,9.1
235,1985,17,2450,71.3,195548.4,1,1,1,0,57,9
235,1986,17,3120,21.9,88645.7,1,1,1,0,58,8.1
236,1984,12,2531,9.7,40856.6,0,0,1,1,28,7
236,1985,12,2430,9.7,40506.4,0,0,1,2,29,8
236,1986,12,2562,9.2,42316.9,0,0,1,2,30,7
237,1984,12,927,14.3,31844.1,0,0,1,2,30,7
237,1985,12,1411,9.9,31859.3,0,0,1,2,31,8
237,1986,12,2410,7.4,36756.1,0,0,1,2,32,7
238,1984,15,2040,6.5,13242.3,1,0,1,0,55,7.8
238,1985,15,1175,5.5,6503.1,1,0,1,0,56,7.2
238,1986,15,768,22.8,17483.7,1,0,1,0,57,6.7
239,1984,4,3744,23.4,95757.1,0,0,1,1,56,10.8
239,1985,4,5712,4.7,34337.4,0,0,1,0,57,10.3
239,1986,4,1346,11.8,22729.7,0,0,1,0,58,11.7
240,1984,12,4499,9,40556.2,0,0,1,2,27,11.2
240,1985,12,3152,12.8,40448.3,0,0,1,2,28,9.9
240,1986,12,2270,15.8,35873.1,0,0,1,2,29,8.8
241,1984,14,2060,15.8,32445,0,0,1,2,52,11.2
241,1985,14,2112,18.2,38411.3,0,0,1,2,53,9.9
241,1986,14,184,111.2,20456.7,0,0,1,2,54,8.8
242,1984,13,1992,7.8,24273.6,0,1,1,1,34,6.7
242,1985,13,1980,8.5,26422.3,0,1,1,1,35,5.4
242,1986,13,1974,9.6,28866.7,0,1,1,1,36,5.3
243,1984,14,2530,4.9,12335.1,1,0,1,1,35,6.7
243,1985,14,3535,5.2,18387.4,1,0,1,1,36,5.4
243,1986,14,3710,7.7,30457.7,0,0,1,1,37,5.3
244,1984,17,1558,50.1,81112.4,1,0,1,0,50,6.5
244,1985,17,1426,29.1,44479.1,1,0,1,0,51,5.9
244,1986,17,1665,113.6,193202.1,1,0,1,0,52,6
245,1984,17,2618,10.7,29200.5,0,1,1,0,57,8.6
245,1985,17,2640,10.8,30263.4,0,1,1,0,58,7.9
245,1986,17,2802,9.7,40117.9,0,1,1,0,59,6.7
246,1984,14,3489,6.7,28719.8,0,0,1,2,44,4.4
246,1985,14,4419,4.6,20142.7,0,0,1,2,45,5.5
246,1986,14,660,3.2,2141.1,1,0,0,1,46,5
247,1984,14,2449,10.3,43763.4,0,0,1,2,39,6.3
247,1985,14,2080,6.7,37247.3,0,0,1,2,40,6
247,1986,14,1750,11,36367.4,0,0,1,2,41,5.3
248,1984,16,2923,15.8,46264.1,0,1,0,0,46,8.6
248,1985,16,3166,16.2,70062.2,0,1,0,0,47,7.9
248,1986,16,3160,16.2,67620.7,0,1,1,1,48,6.7
249,1984,14,2169,11.8,25595.5,0,1,1,2,27,7.8
249,1985,14,2134,11.4,24443.6,0,1,1,2,28,7.2
249,1986,14,2262,10.1,22729.7,0,1,1,2,29,6.7
250,1984,15,3010,19.2,57685.9,1,0,1,2,37,7.8
250,1985,15,5390,17.8,102220.6,1,1,1,2,38,7.2
250,1986,15,4160,12.3,59324.4,1,1,1,2,39,6.7
251,1984,14,2788,10.3,46837.3,0,0,1,2,35,7.8
251,1985,14,2252,14,51215.1,0,0,1,2,36,7.2
251,1986,14,1920,16.6,51823.6,0,0,1,2,37,6.7
252,1984,12,144,2.9,8832.2,0,0,1,0,36,7.8
252,1985,12,0,5.9,32009.4,0,0,1,0,37,7.2
252,1986,12,0,5.9,28980.3,0,0,1,0,38,6.7
253,1984,11,1155,26.6,30678.5,0,1,1,1,56,5.9
253,1985,11,1482,23.6,34919.4,0,0,1,1,57,7
253,1986,11,1600,10.7,17047.2,0,0,1,1,58,8.9
254,1984,12,592,2.7,1622.3,0,0,1,3,39,15
254,1985,12,1407,5.7,8078,1,0,1,3,40,13
254,1986,12,2030,4.6,9331.7,1,0,1,3,41,11.8
255,1984,17,1829,35.5,64889.9,0,1,1,0,33,6.3
255,1985,17,1976,35.9,71002.7,0,1,1,0,34,6
255,1986,17,1794,41.2,75098.8,0,1,1,0,35,5.7
256,1984,14,2530,20,67293.3,0,0,0,0,28,6.3
256,1985,14,2624,15.3,40739.3,1,0,1,0,29,6
256,1986,14,2435,29.9,89782.1,1,1,1,0,30,5.7
257,1984,12,0,8.3,35997.1,0,0,1,0,54,6.3
257,1985,12,266,2.6,26826.2,0,0,1,0,55,6
257,1986,12,688,1,28499.6,1,0,1,0,56,5.7
258,1984,7,2976,5.1,33031.4,1,1,1,0,32,7.1
258,1985,7,3120,3.9,27423.3,1,1,1,1,33,6.8
258,1986,7,3120,3.8,32457.9,1,1,1,1,34,6.2
259,1984,16,1928,27.4,88923.2,0,1,1,0,29,7.2
259,1985,16,2060,29.5,87647.6,0,1,1,0,30,6.5
259,1986,16,2450,27.8,96601,0,1,1,0,31,6.3
260,1984,17,1816,20.9,59602.6,0,1,1,1,33,5
260,1985,17,1880,18,65182.8,0,1,1,2,34,6.5
260,1986,17,1840,19.8,63643,0,1,1,2,35,6.9
261,1984,6,2362,8.4,19947.6,0,0,1,0,55,7.8
261,1985,6,1920,12.1,23308.7,0,0,1,0,56,7.2
261,1986,6,2140,8.5,18115.5,0,0,1,0,57,6.7
262,1984,17,2695,29.4,79309.9,0,1,1,0,52,7.8
262,1985,17,2237,30.7,70928.2,0,0,1,0,53,7.2
262,1986,17,2504,25,97737.5,0,1,1,0,54,6.7
263,1984,12,1960,24.5,62486.6,0,0,1,1,46,5.9
263,1985,12,1920,19.4,51215.1,0,0,1,0,47,7
263,1986,12,1920,17.8,47732.3,0,0,1,0,48,8.9
264,1984,14,2653,19.5,80511.6,0,0,1,2,35,5.9
264,1985,14,2746,16,75962.4,0,0,1,2,36,7
264,1986,14,1970,18.5,73675.9,0,0,1,3,37,8.9
265,1984,15,2295,13.6,34848.3,0,1,1,0,33,5.9
265,1985,15,2200,20.1,57034.9,0,1,1,0,34,7
265,1986,15,2500,13.6,53039.7,0,1,1,0,35,8.9
266,1984,9,1710,4.8,14234.9,0,0,1,1,37,6.7
266,1985,9,1824,4.5,13967.7,0,0,1,1,38,5.4
266,1986,9,1908,5.1,16024.4,0,0,1,1,39,5.3
267,1984,16,1500,12.2,20728.7,1,0,1,0,53,7.8
267,1985,16,1542,12.3,21267.1,1,0,1,0,54,7.2
267,1986,16,1248,12,17188.2,1,0,1,0,55,6.7
268,1984,12,2048,17.6,66091.6,0,0,1,4,35,5.4
268,1985,12,2736,13.6,62854.8,0,0,1,4,36,4.6
268,1986,12,1920,18.4,67052.5,0,0,1,4,37,4.5
269,1984,12,1277,8.9,11415.8,0,1,1,0,57,6.3
269,1985,12,3132,3,9311.8,0,0,1,0,58,6
269,1986,12,2380,3,7079.1,0,0,1,0,59,7
270,1984,12,1938,17.1,33526.5,0,1,1,1,56,6.3
270,1985,12,2034,16.4,35546.7,0,1,1,1,57,6
270,1986,12,912,18.6,23244.5,0,0,1,1,58,5.3
271,1984,12,3060,4.3,26354.9,0,0,1,2,27,6.3
271,1985,12,1330,4.4,17459.7,0,0,1,2,28,6
271,1986,12,2392,7.1,23866.1,0,0,1,3,29,5.7
272,1984,9,4144,4.9,0,1,0,1,2,56,7.8
272,1985,9,2600,4.9,0,1,0,1,2,57,7.2
272,1986,9,434,13.7,5929,1,0,1,2,58,6.7
273,1984,12,2496,8.5,22351,0,1,1,1,28,9.1
273,1985,12,2411,8.5,21626.7,0,1,1,1,29,9
273,1986,12,2458,8.3,21024.9,0,1,1,1,30,8.1
274,1984,16,2110,25.6,72099.9,0,1,1,3,40,7.2
274,1985,16,2636,26.5,93118.3,0,1,1,3,41,6.5
274,1986,16,2101,21.6,65916,0,1,1,2,42,6.3
275,1984,0,1660,13.8,22831.6,0,0,1,2,34,10
275,1985,0,2140,13.6,29099.5,0,0,1,2,35,11.5
275,1986,0,828,11,9091.9,0,0,1,2,36,13.1
276,1984,13,2058,24.5,50469.9,0,1,1,2,36,9.5
276,1985,13,2030,21.8,44231.2,0,1,1,2,37,8.1
276,1986,13,2068,26.9,55687.7,0,1,1,2,38,8.2
277,1984,12,2324,11.6,62991.3,0,0,1,1,26,7.8
277,1985,12,2144,17.7,73973.2,0,0,1,1,27,7.2
277,1986,12,2503,12.7,59097.1,0,0,1,2,28,6.7
278,1984,16,2000,15.7,31483.6,0,1,1,0,53,6.3
278,1985,16,528,39.5,20885.3,0,0,1,0,54,6
278,1986,16,1636,12.5,20456.7,0,1,1,0,55,5.3
279,1984,12,0,8.8,2765,0,0,1,1,49,7.1
279,1985,12,0,8.8,4149.6,0,0,1,1,50,6.8
279,1986,12,0,8.8,5689.2,0,0,1,1,51,6.2
280,1984,12,2400,13.5,32445,0,0,1,2,30,7.1
280,1985,12,1920,15.2,29099.5,0,0,0,0,31,6.8
280,1986,12,1952,13.9,27058.5,0,0,0,0,32,6.2
281,1984,10,2652,6.8,18025,0,0,0,0,29,7.1
281,1985,10,2550,8.9,33098.9,0,0,0,4,30,6.8
281,1986,10,2750,8.7,35231,0,0,1,4,31,6.2
282,1984,10,2704,6.3,24514,0,1,1,0,53,4.8
282,1985,10,2496,9.8,28168.3,0,1,1,0,54,3.9
282,1986,10,1928,13,25002.6,0,1,1,0,55,3.8
283,1984,14,0,7.2,0,1,0,0,2,44,5.9
283,1985,14,0,7.2,0,0,0,0,2,45,7
283,1986,14,89,4.4,392.1,0,0,0,1,46,8.9
284,1984,17,2104,20.1,42298.6,0,1,0,0,46,7.2
284,1985,17,1735,26.2,45395.2,0,1,0,0,47,6.5
284,1986,17,1944,24.6,47769.8,0,1,0,0,48,6.3
285,1984,10,2640,34.6,91326.5,1,0,1,2,25,7
285,1985,10,343,26,8927.7,1,0,0,0,26,7
285,1986,10,2530,3.5,8819.1,1,0,0,3,27,8.9
286,1984,16,1990,34.8,80929.7,0,1,1,0,34,11.2
286,1985,16,1920,27.9,55137.7,0,1,1,1,35,9.9
286,1986,16,1970,47.4,94491.7,0,1,1,1,36,8.8
287,1984,17,1272,17,36049.9,0,1,1,2,37,7.2
287,1985,17,1960,17.2,46559.1,0,1,1,2,38,6.5
287,1986,17,1920,16,36367.4,0,0,1,2,39,6.3
288,1984,9,2016,8.5,34367.6,0,0,1,2,44,7.2
288,1985,9,2736,6.5,35617.7,0,0,1,2,45,6.4
288,1986,9,1936,8.6,34321.8,0,0,1,1,46,6.1
289,1984,12,2061,18.1,41664.1,0,0,1,1,40,6
289,1985,12,2677,10.9,32591.4,0,0,1,1,41,6.5
289,1986,12,3060,10,32958,0,0,1,1,42,5.9
290,1984,12,1944,7.5,33766.8,0,1,1,2,33,7.1
290,1985,12,1920,7.3,34919.4,0,1,1,2,34,6.8
290,1986,12,968,12.9,30685,0,1,1,3,35,6.2
291,1984,12,2080,4.3,14179.7,0,0,1,3,32,10.8
291,1985,12,1548,2.3,6983.9,0,0,1,3,33,10.3
291,1986,12,1880,6.7,18411,0,0,1,3,34,11.7
292,1984,11,1827,10.5,27277.8,0,0,1,0,57,6.7
292,1985,11,2400,11.6,28197.4,0,0,1,0,58,5.4
292,1986,11,2142,13.3,32958,0,0,1,0,59,5.3
293,1984,5,1823,12.5,38140.9,0,0,1,1,53,5.9
293,1985,5,1644,11.3,23861.6,0,0,1,1,54,7
293,1986,5,0,8.9,568.2,0,0,1,0,55,8.9
294,1984,4,1760,14.9,26240.8,0,0,1,1,57,6
294,1985,4,1915,13.4,25607.5,0,0,1,1,58,6.5
294,1986,4,864,22.7,19641.8,0,1,1,0,59,5.9
295,1984,14,1980,7.9,31243.3,0,1,1,0,31,6.7
295,1985,14,1984,6.8,25025.5,0,1,1,0,32,5.4
295,1986,14,1976,7.8,32389.8,0,1,1,0,33,5.3
296,1984,14,1540,21.8,47992.1,0,1,1,4,34,5
296,1985,14,3384,9.6,44696.8,0,1,1,4,35,5.6
296,1986,14,532,21,24795.8,0,0,1,4,36,5
297,1984,16,4072,13.3,96133.2,0,0,1,2,46,5.4
297,1985,16,2232,20.3,97774.2,0,0,1,2,47,4.6
297,1986,16,2246,28.3,112511.8,0,0,1,2,48,4.5
298,1984,16,2040,3.5,52897.3,1,0,1,0,34,7
298,1985,16,2016,3.5,51224.4,1,0,1,1,35,7.1
298,1986,16,696,8.2,60233.6,1,0,1,1,36,8.2
299,1984,12,1944,6.8,13218.3,0,0,0,0,27,9.1
299,1985,12,2000,7.3,14607.9,0,0,0,0,28,8
299,1986,12,1900,10.2,19320.2,0,0,0,0,29,6.8
300,1984,11,956,7.6,7210,0,0,0,0,58,9.4
300,1985,11,72,16.2,1164,1,0,0,0,59,8.9
300,1986,11,0,5.4,0,0,0,0,0,60,8.1
301,1984,11,0,13.2,21630,0,0,1,0,49,9.1
301,1985,11,0,13.2,23139.9,0,0,1,0,50,8
301,1986,11,0,13.2,23866.1,0,0,1,0,51,6.8
302,1984,17,4700,7.7,36049.9,0,1,1,3,46,5.9
302,1985,17,4764,7.3,43067.2,0,1,1,2,47,7
302,1986,17,4896,11.4,65916,0,1,1,2,48,8.9
303,1984,10,1960,20.2,40087.6,0,0,1,0,43,9.4
303,1985,10,1928,18.1,35350,0,0,1,0,44,8.8
303,1986,10,1872,18.8,35231,0,0,1,0,45,8.5
304,1984,12,2024,7.2,25295.1,0,0,1,1,28,9.1
304,1985,12,2040,7.6,25065.1,0,0,1,1,29,9
304,1986,12,2040,7.7,29357.6,0,0,1,2,30,8.1
305,1984,16,2440,19,46324.2,0,1,1,2,34,7.2
305,1985,16,2515,18.5,51215.1,0,1,1,2,35,6.4
305,1986,16,3995,12.5,52278.2,0,1,1,2,36,6.1
306,1984,12,2068,20.3,42058.3,0,1,1,2,35,9.1
306,1985,12,2024,20.6,41670.4,0,1,1,2,36,8
306,1986,12,1960,23.2,45538.9,0,1,1,2,37,6.8
307,1984,4,0,13.3,0,0,0,1,1,55,5
307,1985,4,0,13.3,0,0,0,1,1,56,6.5
307,1986,4,0,13.3,0,0,0,1,1,57,6.9
308,1984,12,1683,4.3,7210,0,0,1,1,36,9.1
308,1985,12,2000,5.2,10359.4,0,1,1,1,37,8
308,1986,12,1960,6,11705.8,0,1,1,1,38,6.8
309,1984,11,1950,19.7,50469.9,0,1,1,1,51,7.8
309,1985,11,1172,19.9,39575.3,0,0,1,1,52,7.2
309,1986,11,1996,18.2,52278.2,0,0,1,1,53,6.7
310,1984,12,3658,23,84597.2,1,1,1,2,32,7.2
310,1985,12,3686,23.7,87298.4,1,0,1,2,33,6.5
310,1986,12,3570,27.1,96601,1,1,1,2,34,6.3
311,1984,17,1986,18.1,46735.2,0,1,1,0,54,5.4
311,1985,17,2260,14.9,45278.8,0,1,1,0,55,4.6
311,1986,17,2474,15.1,49779.1,0,1,1,0,56,4.5
312,1984,12,3134,13.8,44041,0,0,1,3,34,11.2
312,1985,12,3040,18.8,57383,0,0,1,3,35,9.9
312,1986,12,4188,14.2,68643.6,0,0,1,3,36,8.8
313,1984,6,0,5.3,0,0,0,1,5,57,5
313,1985,6,0,5.3,0,0,0,1,3,58,5.6
313,1986,6,0,5.3,0,0,0,1,2,59,5
314,1984,14,2084,24.2,70898.2,0,0,1,1,31,5
314,1985,14,2488,18.7,64018.8,0,0,1,1,32,5.6
314,1986,14,2249,19.7,61938.3,0,0,1,1,33,5
315,1984,12,1634,27.2,58881.6,0,0,1,1,29,5
315,1985,12,1591,24.9,53543,0,0,1,1,30,5.6
315,1986,12,1960,17.4,50005.3,0,0,1,1,31,5
316,1984,12,2112,25.6,54074.9,0,1,1,1,34,5.9
316,1985,12,2094,27.2,59130.1,0,1,1,2,35,7
316,1986,12,2112,28,63643,0,1,1,2,36,8.9
317,1984,14,2121,12.6,26881.3,0,0,1,3,31,6.7
317,1985,14,2070,12.5,28195.1,0,0,1,3,32,5.4
317,1986,14,2040,11.7,26423.2,0,0,1,3,33,5.3
318,1984,12,1566,15.4,24033.3,0,0,1,1,37,10
318,1985,12,2240,11.5,26521.3,0,0,1,1,38,11.5
318,1986,12,696,10.4,8067.9,0,0,1,1,39,13.1
319,1984,15,608,5.9,17424.1,0,0,1,2,28,10.8
319,1985,15,1040,3.3,15131.7,0,0,1,2,29,10.3
319,1986,15,512,15.5,13637.8,0,0,1,2,30,5.9
320,1984,15,2250,20.4,55468.9,0,1,1,0,30,11.1
320,1985,15,2227,14.1,39109.7,0,1,1,0,31,6.5
320,1986,15,1856,22.7,60233.6,0,1,1,1,32,5.9
321,1984,14,2340,11.3,39654.9,0,0,1,1,34,5.4
321,1985,14,1876,18.9,50644.7,0,0,1,1,35,4.6
321,1986,14,1276,3.6,18752,0,0,1,1,36,4.5
322,1984,12,2600,9.7,25235,0,0,1,2,46,6.2
322,1985,12,2170,10.7,23745.2,0,0,1,2,47,5.7
322,1986,12,2082,13.1,30685,0,0,1,2,48,5
323,1984,16,1840,65.3,162224.8,1,0,1,0,42,7.8
323,1985,16,1832,63.5,157137.1,1,0,1,0,43,7.2
323,1986,16,1840,61.8,147742.8,1,0,1,0,44,6.7
324,1984,17,2964,22.3,66070,1,0,1,3,42,9.4
324,1985,17,3185,20.1,63997.9,1,0,1,3,43,8.9
324,1986,17,2928,22.9,69057.3,1,0,1,3,44,8.1
325,1984,16,1960,30.6,100939.9,0,0,1,1,35,9.4
325,1985,16,2009,27,94864.3,0,0,1,1,36,8.9
325,1986,16,1976,28.8,100010.5,0,0,1,1,37,8.1
326,1984,16,2861,13.2,60684.1,0,0,1,2,37,7.2
326,1985,16,3069,10.1,54125,0,0,1,2,38,6.5
326,1986,16,2760,9.9,54551.2,0,0,1,2,39,6.3
327,1984,17,1580,21,64337.1,0,1,1,1,37,7.2
327,1985,17,1365,35,81478.5,0,1,1,1,38,6.5
327,1986,17,1496,32.7,83076.9,0,1,1,1,39,6.3
328,1984,12,2500,3,7510.4,1,0,0,0,36,6.7
328,1985,12,3770,5.8,5005.1,1,0,0,0,37,5.4
328,1986,12,3816,2.1,11828.5,1,0,1,0,38,5.3
329,1984,10,1969,7.6,14420,1,0,1,1,43,9.3
329,1985,10,2856,4.9,30263.4,0,0,1,0,44,9.5
329,1986,10,1536,18.5,44322.8,0,0,1,0,45,9.3
330,1984,12,2436,3.1,7472,1,0,1,1,36,8.6
330,1985,12,3640,3.8,13758.2,1,0,1,1,37,8
330,1986,12,1688,8.3,14073.1,1,0,1,1,38,8
331,1984,16,2396,12.9,31011.4,0,1,0,0,28,5
331,1985,16,1320,18.5,24443.6,0,1,0,0,29,7.2
331,1986,16,2024,15.2,30685,0,1,0,0,30,6.7
332,1984,14,2000,8.4,29699.2,0,0,1,1,37,7.8
332,1985,14,2794,6.7,34919.4,0,0,1,1,38,7.2
332,1986,14,2170,10.5,36367.4,0,0,1,2,39,6.7
333,1984,12,0,15.6,18025,0,0,1,0,54,9.4
333,1985,12,0,15.6,17459.7,0,1,1,0,55,8.8
333,1986,12,0,15.6,19241.8,0,0,1,0,56,8.5
334,1984,8,8,15,7827.6,0,0,1,3,41,7.1
334,1985,8,2080,3.9,8684.4,0,0,1,3,42,6.8
334,1986,8,2080,4.6,12741.1,0,0,1,3,43,6.2
